tokoh,text,label
Purbaya Yudhi Sadewa,sehat2 bapak presiden ku dan pak menkeu selalu beruntung dan dilindungi TUHAN Aamiin,positif
Sri Mulyani Indrawati,"Di luar negri lumrah pejabat mundur, di NKRI inginya dipecat baru mundurğŸ˜Š",negatif
Sri Mulyani Indrawati,"Pajak rakyat terus ditekan, pajak pengusaha tidak transfaran.",negatif
Purbaya Yudhi Sadewa,Pihak2 yang selama ini merasa tdk diawasi dlm penggunaan anggaran sekarang mulai ketar ketir dan berupaya menolak kebijakan Purbaya bagaikan mimpi disiang bolong. Tapi tidak berani berterus terang karena bisa jadi senjata makan tuan dan impian jadi milyarder melayang begitu saja,netral
Purbaya Yudhi Sadewa,Pemimpin itu laki2,netral
Purbaya Yudhi Sadewa,penjahat politik  yg sebenarnya yg takut terganggu kedudukan dan penghasilannyağŸ˜…ğŸ˜…,netral
Purbaya Yudhi Sadewa,"Kalimat menghabiskan anggaran itu sungguh membuat saya muak.

Pemerintah Daerah  akhirnya membangun atau perbaikan asal-asalan jalan dan membuat macet pada akhir tahun dengan dalih menghabiskan anggaran, ditambah juga dengan diadakannya jalan-jalan yang nggak penting untuk menghabiskan anggaran juga, kerja pada gak becus minta gaji dan tunjangan gede plus gak takut dipecat krn merasa susah utk dipecat... Emang anjinkk kelakuannya...",negatif
Sri Mulyani Indrawati,Cuihhhh,negatif
Sri Mulyani Indrawati,Mana gak ada kenaikan gaji,netral
Sri Mulyani Indrawati,"Napa gak tambah utang kerja sebahagian  gak ada koropsi dimana mana ,,  penghianat negara menguasai di kursi dpr yang kebanyakan tidak  jelas kemampuannya menjadi wakil rakyat",negatif
Sri Mulyani Indrawati,"Mundurlah Buu,itu akan terhormat.
Pejabat bungkam,memang pejabat jahat dan kejam!!!! Terhadap rakyat",negatif
Purbaya Yudhi Sadewa,Btl Doktor... Yg terusik Orgnya ituÂ² sajağŸ‘ğŸ‘ğŸ‘,netral
Sri Mulyani Indrawati,Baca aja gak lancar ğŸ˜‚,negatif
Sri Mulyani Indrawati,Berarti yg edit AI soal Sri Mulyani itu pasti pihak DPRD yg tidak bertanggung jawab,negatif
Sri Mulyani Indrawati,Hadits riwayat Bukhari 4425 : â€œTidak akan beruntung suatu kaum yang menyerahkan urusan mereka kepada seorang perempuanâ€,negatif
Sri Mulyani Indrawati,Puji Tuhan klo gaji naik 200 % unt pensiunan,positif
Purbaya Yudhi Sadewa,Yg dikatakan itu betul krn rakyat yg rasakan padahal mentri sebelum nya itu katanya ini itu pengalamannya padahal hasilnya tdk ada yg ada dia lindungi yg waow aja rakyat cuma diperas ğŸ˜‚ğŸ˜‚â¤,negatif
Sri Mulyani Indrawati,Gak enak dengar cara presentasinya ah asli gak nyaman,negatif
Purbaya Yudhi Sadewa,"Hal sepele aja dipikirin, sehat selalu Pak â¤",positif
Sri Mulyani Indrawati,Pemimpin yang sudah mengatas namakan agama utk menguras harta rakyat nya manusia yang paling jahat karena anda tidak takut akan azab dan dosa dari perkataan dan perbuatanmu,negatif
Sri Mulyani Indrawati,Contoh pejabat pemeras rakyat dengan menggunakan kebijakannya untuk membayar hutang negara,negatif
Purbaya Yudhi Sadewa,"Cawe cawe dari Mentri2 yg ada kepala partai itu apa?bahaya? Kenapa bahaya? ğŸ™„
Pak Purbaya sih orang nya suka bersih2..
Kebersihan adalah sebagian dari Iman..bersih itu sehatğŸ˜‡ğŸ˜Š
Biar bersih sehat yah Indonesia bersih dari korupsi dan rakyat sehat dri sisi ekonomi dan kemakmuran.Aamiin..
Semngat Pak Purbaya.. rakyat mendukungmu...",positif
Sri Mulyani Indrawati,Kata y sekolah tinggi tapi klo ngomong kaya orang odgj,negatif
Sri Mulyani Indrawati,"terserah negara tetangga yang iri ğŸ˜‚
faktanya 10 tahun terakhir pertumbuhan kita jelas.
semua orang bilang korupsi, tapi fakta di lapangan kita benar-benar tumbuh bersama partner investor kita.
itulah mengapa Singapore, China, Korea dan Japan, tetap percaya kepada kita.
karna bersama kami membangun Indonesia.
jika anda ke Indonesia anda akan melihat.

penjualan Mobil japan yang sukses 
penjualan Smartphone China yang sukses
penjualan produk Korea yang sukses
Shopee dengan Singapore yang sukses.
kami selalu menjaga hubungan baik dengan negara yang membantu kami.
negara seperti Malaysia yang masih iri dan merendahkan Indonesia bermimpi lah produk anda tidak akan pernah di terima masyarakat.
perbaiki sifat anda dahulu baru kita bisa bekerjasama.",positif
Purbaya Yudhi Sadewa,sebenarnya rakyat  indonesia bisğŸ˜…a tanpa pajak bila tidak ada  korupsi  dan sda kita tidak dikorup j7ga ğŸ˜¢,netral
Sri Mulyani Indrawati,"Orang inilah yg memeras kita dgn pajak yg besar, gaji besar tapi pajak juga besar sehingga sama saja dgn tidak naik gaji",negatif
Purbaya Yudhi Sadewa,KOK MESTI PIKIRANNYA DPR TIDAK PERNAH SEJALAN DENGAN RAKYATNYA ?,negatif
Sri Mulyani Indrawati,Gaji pensiunan pns dong bu jgn lupa ğŸ˜¢ tiap bulan kami kepotong hutang ğŸ˜¢ğŸ˜¢ğŸ˜¢,netral
Purbaya Yudhi Sadewa,Tenag pak Purbaya bukan anda yg fi kucil kan tapi org 2 munafik itu yg mulai kehilangan arah,netral
Purbaya Yudhi Sadewa,"Saya yakin Mentri Purbaya di dukung rakyat seluruh Indonesia, pejabat yg tidak mendukung perlu di periksa.",positif
Sri Mulyani Indrawati,"Sekarang TNI di benturkan dengan rakyat, ternyata para pejabat bisa menggantikan tuhan asal tuding hari ini rumah dan hartaku harus kamu jaga.
Jangan sampai rusak / hilang, kalau sampai ada kamu akan kami pecat.",negatif
Sri Mulyani Indrawati,Kembalikan pengelolaan SDA ke daerah masing-masing,netral
Purbaya Yudhi Sadewa,Kedatangan pak purbaya bgi orang2 yg dulu suka korop2.,netral
Sri Mulyani Indrawati,"Cepatlah mundur , drpd    nyawa hilang",negatif
Sri Mulyani Indrawati,Dari gerakan bibirnya juga sesuai kok,netral
Sri Mulyani Indrawati,Cabik aja mulut yg sembarang bicara,negatif
Purbaya Yudhi Sadewa,"kalo ada pejabat kepanasan dan ga suka sama pak purbaya dan mau mengulingkan pak purbaya.. kita rakyat, gulingkan balik pejabat yg ingin mengulingkan pak purbaya!! ğŸ”¥ğŸ”¥",negatif
Sri Mulyani Indrawati,Omon omon doang. Gedabrus. ğŸ˜Š,negatif
Purbaya Yudhi Sadewa,"Mantap PURBAYA & ANDI AMRAN â¤ï¸ğŸ‡®ğŸ‡©
Alhamdulillah
Alhamdulillah
Alhamdulillah
ğŸ’šğŸ’šğŸ’šğŸ’šğŸ’šğŸ’šğŸ’š",positif
Purbaya Yudhi Sadewa,"Menteri kewangan terbaik sepanjang sejarah Indonesia, tranferran - profesional dan apa adanya gk menutup'nutupi, teruskan pk purbaya 'cantas semua anggaran yg mencurigakan, buatkan seluruh wni kartu ATM semua",positif
Sri Mulyani Indrawati,JIKA BELUM ADA KONFIRMASI DARI YBS ... KAMI MASIH TETAP TANDA TANYA....,netral
Purbaya Yudhi Sadewa,"Tampaknya pak Purbaya tulus untuk rakyat, sedangkan pak Dedi Mulyadi masih diragukan ketulusannya.",positif
Purbaya Yudhi Sadewa,Ketua BI harus diganti,netral
Purbaya Yudhi Sadewa,srimulat adalah firaun sesungguhnya...adili,negatif
Sri Mulyani Indrawati,Anjing rampok berkedok pejabat,negatif
Purbaya Yudhi Sadewa,"Menghemat Biyaya ğŸ˜‚ğŸ˜‚ğŸ˜‚ğŸ˜‚

Kalau Mau Menghemat Tidak Usah Libatkan Pajak Masyarakat Bayar Utang Wuss",negatif
Sri Mulyani Indrawati,Si Mulyani ikutan edan,negatif
Purbaya Yudhi Sadewa,Udah kepastian grombolan mpembohonh sikorup sipenjahat gak suka kepada mertri Purbaya maju terus pantang mundur demi rakyat semoga BPK Purbaya sehat selalu panjang umurnya yg barokah dilindungi Alloh SWT insaaloh doa rakyat untuk BPK Mentri Purbaya makasih klo perlu habisin tikus tikus,positif
Purbaya Yudhi Sadewa,mentri terbaik negaraku pak purbaya  kaya bersama pak menkeu Aamiin,positif
Sri Mulyani Indrawati,kejar dan tangkap atuh pembuat deepfake,negatif
Sri Mulyani Indrawati,Prestasi Sri Mulyani : 1. Jadi calo utang luar negri sekaligus menjadi antek asing dalam mendikte Indonesia agar mematuhi perjanjian utangnya yg merugikan Indonesia. 2. Mampajaki (memeras) rakyat dengan ancaman denda pajak dan cukai2nya yg membebani keuangan rakyat yg semakin miskin dan makan tabungan. Bravo ?,negatif
Purbaya Yudhi Sadewa,Sudah waktunya opung dkk taat pd aturan,netral
Purbaya Yudhi Sadewa,"Kita harus lindungi pak Purbaya, kalo sampe pak Purbaya ada yang mengancam ,SUDAH TUGAS KITA SEBAGAI RAKYAT INDONESIA BERSATU",positif
Sri Mulyani Indrawati,"Bongkar,, byk yg suka jalan tikus tersembunyi...",negatif
Sri Mulyani Indrawati,Sri Mulyani sok pinter padahal pengkianat  terkorop,negatif
Purbaya Yudhi Sadewa,"Sejak dulu, orang sdh pada tahu, namanya beacukai. Wilayah sangat basah",negatif
Purbaya Yudhi Sadewa,Luar biasa memang anggota dewan kita,negatif
Purbaya Yudhi Sadewa,Kalau pak Pur diturunkan. Rakyat pasti demo,netral
Sri Mulyani Indrawati,Dia SDH TDK peka,negatif
Purbaya Yudhi Sadewa,Globalisasi yg sangat mempengaruhi gen z...ğŸ˜¢,netral
Purbaya Yudhi Sadewa,Pantang mengarah maju terus pak,positif
Purbaya Yudhi Sadewa,Siapa dulu yang ngidolain Sri Mulyani?? Nyesel kan loe. Untung gw ga pernah ğŸ¤£,negatif
Purbaya Yudhi Sadewa,"C opung , suka di singgung pak presiden , tak perduli mantan jendral atau siapa pun , aku beres kan.

Kode sama C opung mundur mundur sebelum di sikat oleh presiden .",netral
Sri Mulyani Indrawati,Sri mulyono sudah nenekÂ²..jadi wajar aja klo tolol lagi..sebentar lg juga dipanggil sang kuasa.,negatif
Purbaya Yudhi Sadewa,"""Memang selama ini kita ga becus.""

Maksudnya tuh menteri sebelumnya kalik yağŸ˜‚",negatif
Sri Mulyani Indrawati,Maunya dia rakyat bodoh terus ğŸ˜‚,negatif
Sri Mulyani Indrawati,"Muhasabah diri, kenapa terjadi pada dirimu bu menkeu... ğŸ˜¢",negatif
Sri Mulyani Indrawati,Jangan dijagain pak. Kita lagi melaksanakan RUU Perampasan Aset.,netral
Sri Mulyani Indrawati,Sri Mulyani korupsi,negatif
Purbaya Yudhi Sadewa,KOAR KOAR TOK,negatif
Sri Mulyani Indrawati,"Terlepas dari editan atau lain sebagainya, tapi memang rakyat melihat para koruptor, DPR dan pejabat yg justru dipandang BEBAN Negara..!!!",negatif
Purbaya Yudhi Sadewa,"Kalau Pak Purbaya kita nilai baik dan akan membawa Indonesia ke arah yg lebih baik, kita semua harus mendukung, membela dan melindungi. Jangan biarkan beliau berjuang dan mati sendiri. Jangan sampai kita hanya berkomentar dan bangga saja, tidak berbuat apa-apa.",positif
Sri Mulyani Indrawati,Ini lonte ya,negatif
Sri Mulyani Indrawati,Ini mentri perampok dan perusak negara,negatif
Purbaya Yudhi Sadewa,"Memang betul kata gusdur
 Prabowo orangnya baik hati",positif
Sri Mulyani Indrawati,Masak rmh Mentri sejelek itu Ndak mewah...ini rmh yg ke berapa....luuurğŸ˜ŠğŸ˜ŠğŸ˜Š mcm biasa aja...mobil nya alfad rmh nyaa jelek mcm mustahil juga ğŸ˜ŠğŸ˜ŠğŸ˜Š,negatif
Sri Mulyani Indrawati,Pajak buat bayar pejabat,negatif
Purbaya Yudhi Sadewa,Harusnya aturan pemerintah itu setiap org yg jadi Mentri.. harus keluar dari partai agar TDK terikat lagi dgn keinginan partai.,netral
Sri Mulyani Indrawati,Indonesian not facing inflammation but corruption,negatif
Sri Mulyani Indrawati,"pidatonya ok lah, kerja & kinerja nya yg amburadul, yg menyengsarakan rakyat, ..",negatif
Sri Mulyani Indrawati,Ngeless,negatif
Sri Mulyani Indrawati,Keluarga sri anjeng,negatif
Purbaya Yudhi Sadewa,"Barakallah,pak presiden",positif
Purbaya Yudhi Sadewa,yang menyerang purbaya adalah penjilat,negatif
Sri Mulyani Indrawati,Pajak itu haram Sri sri,negatif
Sri Mulyani Indrawati,DPR yg merusak rakyat .makan makan uang rakyat,negatif
Sri Mulyani Indrawati,"Lo jadi Mentri pinter yg minterin siapa,kalau bukan guru,emangnya Lo bisa pinter sendiri,pinter tapi kok bego",negatif
Sri Mulyani Indrawati,"Tanpa guru...nggak akan ada orang pintar
Dan jangan sombong semua hanya titipan...dari Alloh tunggu tanggal mainnya pasti musnah semua....sekedar ada gempa sibuk mencari perlindungan kesana kemari....se x  lagi jangan sombong.",negatif
Sri Mulyani Indrawati,Kalaw bukan jasa guru mana ada anak anak bangsa jadi pinter ...he anda juga pinter seperti sekarang ini atas jasa guru jaga tuh lisan,negatif
Sri Mulyani Indrawati,Para pejabat pada mikir gak sih dengan apa yang dilakukan rakyat???,netral
Purbaya Yudhi Sadewa,Bu Sri Mulyani terjebak dan tertekan dengan IMF.. makanya sudah benar langkah menkeu sekarang jadi cari investor dengan pembenahan regulasi kebijakan bukan ngemis investor dan negara lain,positif
Purbaya Yudhi Sadewa,"Kita sebagia rakyak jelata...yg di tuntut harus mannut dengan aturan negara.... walaupun mata hati kita tak bisa melihat..kalo para pemimpin tidak amanah. ....mereka akan menangung atas ke zaliman yg mereka perbuat. Akan menerima azab dari tuhan kita ,aamiin ya rob ğŸ¤²",netral
Purbaya Yudhi Sadewa,Memuju secara personal tapi dalam suatu polituk prabowo butuh dukungan partai2 yang saat ini jadi koalisi jika terlalu frontal koalisi akan oecah dan GERINDRA akan kekurangan prosentase suara dipemilu. Agar prosenrase gerindra retap kuat maka pwrlu kita nol kan suara partai lain yang mundur dari koalisi,netral
Sri Mulyani Indrawati,"Di zaman SBY 1triliun Dana century hilang tampa penjelasan.. 
Rezim jokowi 7000 Triliun hutang negara melimpah ,Itu tanda tdk ada keseriusan srimulyani dlm mengelola ke uangan negara... Di Jaman prabowo Dia lagi jd Mentri keuangan negarağŸ˜…ğŸ˜…ğŸ˜…ğŸ˜…",negatif
Purbaya Yudhi Sadewa,Pak Purbaya sukses terus q senang sekali klau memberikan pencerahan tentang ekonomi Indonesia mantsp,positif
Purbaya Yudhi Sadewa,Rakyat banyak mendukungnya Pak Purbaya yudhi Sadewa jangan takut maju terus yg utamakan kejujuran dan transparansi,positif
Purbaya Yudhi Sadewa,Purbaya pusingmunmulia untuk rakyat...kepalamu belum botak..masih kuat kauğŸ˜‚ğŸ˜‚ğŸ˜‚....kalau Purbaya jangan di lepas...koruptor bisa nari bale bale,positif
Sri Mulyani Indrawati,"Ibu sri itu bagian dri perjalana hidup bukan,bukan sekedar karir pikirkan tentang negara ini,ibu telah di akui kemampuan bukan sekedar bucara",positif
Purbaya Yudhi Sadewa,Gerombolan penggerogogot rakyat PENGGEROGOT BANGSA DAN NEGARA DPR rakyat TDK percaya BULSHIT,negatif
Sri Mulyani Indrawati,Corruption and Mulyono gangsters are the main challenges for IndonesiağŸ˜¢,negatif
Sri Mulyani Indrawati,Jgn byk utang ksh tau presidennya. Belajar byr utang bgmns. Tanya itung2an sm jerome. Amit2 malu2in,negatif
Purbaya Yudhi Sadewa,Owh ini toch host yg lagi viral yg jlebb di jawab pak purba ğŸ˜…,netral
Purbaya Yudhi Sadewa,muhidin gubernur kalsel: koboi salah tembak,netral
Purbaya Yudhi Sadewa,Yalah kalau bisnis lg sysah psjak dinaikan bs 2 pengusaha bsk 2 ngak mkn,negatif
Sri Mulyani Indrawati,Lebih bagus mundur drpd pettahan kan orang tak menghargai propesi orang lain   mungkin dia bs jd mentri tmpa sekolah mk gk menghargai guru dia bs pintar belajar dgn malaikat x pejabat skang klu ngomong atau bkin aturan se enak udel nya aja tmpa mikir nyakiti hati rakyat,negatif
Sri Mulyani Indrawati,Tanpa guru kamu g jari menteri,negatif
Sri Mulyani Indrawati,Pfftt  ... gak pantes loe sok ngasih tausiyah mul .. minggir gih,negatif
Purbaya Yudhi Sadewa,Sehat sllu Bpk presidenku.... â¤â¤ğŸ˜‡ğŸ˜‡,positif
Purbaya Yudhi Sadewa,Pak purbaya bongkar semua  kebodohan menteri keuangan seperti srimulyani,positif
Sri Mulyani Indrawati,mudah mudahan terlaksana....amin ya rabbal alamin,positif
Sri Mulyani Indrawati,Poli tikus ya gini.. mencla mencle,negatif
Purbaya Yudhi Sadewa,"Kalau tanam padi, rumput pasti ikut tumbuh,, semangat pak Purbaya,, negara ini butuh orang orang seperti anda ğŸ’ªğŸ’ª",positif
Purbaya Yudhi Sadewa,"Bagus pak jelaskan masalah kondisi ekonomi dengan bahasa yg sederhana dengan contoh contoh nya agar kami rakyat kecil yg tdk kerja di kantoran dan sekolah nggak nyampe lulus intinya dagang dijalanan jd punya ilmu yg bermanfaat utk usaha kecil dan menengah, utk pinjaman dr bank himbara tolong dibantu pak Purbaya, kita yg penting bisa usaha utk bisa makan syukur "" Pinjaman tdk ada bunga dan ringan membayar nya ke bank( tempo) jangka nya tdk buru buru atau cepat.",positif
Sri Mulyani Indrawati,"Omon omon,tunggu Anies 2029 gaji naik rakyat sejahtera.....!!!?ğŸ˜Š",negatif
Sri Mulyani Indrawati,"Guru yg  mengelu terhada gaji yg ditentukan  ,lebih  baik. Mundur  banyak kok yg antri jadi guru   kat",negatif
Purbaya Yudhi Sadewa,Presidenku 2 preode â¤â¤â¤â¤,netral
Purbaya Yudhi Sadewa,Byk diperlukan peperangan terbuka di internal negeri kita. Semoga kali ini pak Purbaya yg menang,positif
Purbaya Yudhi Sadewa,Maju terus pak Purbaya kami selalu mendoakan mu,positif
Purbaya Yudhi Sadewa,Cerdas,positif
Purbaya Yudhi Sadewa,"Saya ulangi barkali-kali di bagian""makin pusing Purbaya tambah pusing tdk apa2 pusingmu mulia untuk rakyat"" karena beliau bekerja di jln yg benar,,semoga Pak Purbaya diberi kesehatan dan rezeki yg lancar agar bisa terus memimpin di Kementrian RIâ¤â¤â¤",positif
Purbaya Yudhi Sadewa,"Gua masih mau hidup. Mau komentari pemerintahan juga ngeriÂ² sedep skrng, walaupun ada nya kebebasan berpendapat. Yang berpower semoga bisa mewakili deh. 
Males di track dan kena intimidasi lalu klarifikasi. ğŸ¥±ğŸ˜",netral
Sri Mulyani Indrawati,Jadi netizen yg pinter dikit... jangan langsung percaya dg berita di medsos....,positif
Purbaya Yudhi Sadewa,"Yang jelas di kangenin Rakyat lah model kaya Pa Purbaya enak di ikuti bikin kangen Rakyat membela dan mendukung Menkue kita yg Ganteng n cerdas kerjanya sag seg nyata mbok dari duluuuuu Pa Purbaya,Sehat selalu pa PurbayağŸ‘ğŸ»ğŸ‘ğŸ»ğŸ‘ğŸ»ğŸ‘ğŸ»ğŸ™ğŸ»ğŸ™ğŸ»",positif
Purbaya Yudhi Sadewa,mantap pa mentri,positif
Sri Mulyani Indrawati,Selamat sore â¤,netral
Sri Mulyani Indrawati,Woww Mantep rumahnya,netral
Purbaya Yudhi Sadewa,"Orang Sunda mah jelemana Lempeung, wani ngababad berarti gs wani ngambil resiko. Sakalina ngejeut lawan na pasti ngagebeur ulah salah ieu Purbaya lain orang sembarangan.",netral
Purbaya Yudhi Sadewa,Keren Bp Purbaya â¤,positif
Purbaya Yudhi Sadewa,"Jangan takut , tuhan bersama kita . Sementara iblis bersama mereka .",positif
Purbaya Yudhi Sadewa,"Perhatikan hanya pak purbaya yg mencatat sekecil apapun penyampaian Rapat. Lihat yang lain ğŸ˜¢

Jgn salah, ini hal2 yg ga banyak dinotis org tapi disitulah kita lihat kesungguhan dan keseriusan seseorang",netral
Purbaya Yudhi Sadewa,Yo wis bapak kasih tau lah ke pak purbaya ... manusia kan ga ada yg sempurna pak .. tolong dukung kekurangannya .... demi keselamatan negara kita dari para koruptor2 pak ..... semangat ... ğŸ’ª,positif
Purbaya Yudhi Sadewa,Karena tindakan menteri keuangan yg satu ini mengganggu keuangan merekağŸ˜‚ğŸ˜‚ğŸ˜‚,netral
Purbaya Yudhi Sadewa,"Menkeu Purbaya..sosok amanah,jujur,tegas, mentingin rakyat. Yang kontra gua pastikan mereka yg lawan arus, takot kebongkar aibnya selaku pejabat po politisi sekalian. Gua heran, mati gak bawa harta, kok dibelain korupsi segala, ngrampas gak org lain/ rakyat",positif
Sri Mulyani Indrawati,ADILI YANG MEMBUAT VIDEO HOAKS tersebut!!!!!!!! SEKARANG JUGA!!!!!,positif
Purbaya Yudhi Sadewa,Sdh pasti salah kebijakannya... Mknya rakyat Indonesia tetep miskin..,negatif
Purbaya Yudhi Sadewa,Pantesan Bahlul nggak dicopot karena punya kontrak politik,negatif
Purbaya Yudhi Sadewa,Pertumbuhan bagi kmi tidak penting yg kami mau infrastruktur krn di zaman sby jalan hancur di mana mana dan nginap dijalan bermalam .sdngkan di jaman jokowi pertumbuhan lebih sedikit terasa lebih buah dgn jalan yg mulus dan tidak hambatan apa pun bagi kami yg diplosok kaltim,netral
Purbaya Yudhi Sadewa,"Pak Purbaya Pinjaman KUR untuk UMKM terkendala oleh OJK, contoh kayak saya sebagai UMKM tidak lolos pinjaman KUR disebabkan ada yg memakan nama saya 7 tahun yg lalu, terjadilah Kredit macet mereka tidak sanggup bayar, saya mau tanya batas waktu BI Checking berapa tahun, Pak apakah BI Checking berlaku seumur hidup mohon pencerahannya Pak .",netral
Purbaya Yudhi Sadewa,Jangan pajak saja yang diperhatikan untok pemasukan  negara mestinya sektor 2 yg laen terutama tambang tambang apa sudah benar cara pengelolaannya.,netral
Purbaya Yudhi Sadewa,Tolong pak ada bantuan bagi para janda terlebih yg usianya sudah tua karena tak bisa lagi bekerja terima kasih,netral
Purbaya Yudhi Sadewa,"Pak purbaya bagus
Bahlil no...",positif
Purbaya Yudhi Sadewa,"Alangkah indahnya jika di Indonesia ada banyak ""Purbaya"" yg jadi pejabat",positif
Purbaya Yudhi Sadewa,Pak Purbaya akan jd presiden nih di tahun 2029.. Ibaratnya satrio piningit karna pendekar baru sudah muncul... Smoga tercapai bisa jd presiden,positif
Sri Mulyani Indrawati,Coba di terjemahkan lebih intelektual betul guru itu beban dan tanggung jawab negara yg harus diperhatikan lebih spesialis. ...dgn anggaran yg sesuai dan ditingkatkan,netral
Sri Mulyani Indrawati,Ini video AI hoax jngn mudah percaya,positif
Sri Mulyani Indrawati,Adanya A1 Dipergunakan utk fitnah dan hoak hts ada pencerahan buat rakyat agar tak mudah percaya berita hoak,positif
Purbaya Yudhi Sadewa,"Itulah, begitu jauh bedanya, Menkeu yang lalu dengan Menkeu yang sekarang.
Bravo Bpk Purbaya, jaga dan pegang amanah",positif
Purbaya Yudhi Sadewa,"Yakin Purbaya akan digulingkan di 2026.
Karena terlalu pro rakyat dan merugikan para koruptor busuk.",positif
Purbaya Yudhi Sadewa,Purbaya dibeking rakyat â¤,positif
Purbaya Yudhi Sadewa,Pas tuh... 2029 Prabowo - Purbaya..... pasangan top markotob,positif
Sri Mulyani Indrawati,"Kalau melihat dari sudut pandang keadilan, sangat tidak adil jika kenaikan gaji hakim hingga 280% bisa langsung cair di 2025, sementara kenaikan gaji PNS yang cuma 8% harus tertunda.",negatif
Purbaya Yudhi Sadewa,"Persis Kayak Anak Saya, GenZ.
Padahal pinter,..Mereka punya gaya dn kemauanNya Sendiri.
Alhamdulillah skrg sdh mandiriğŸ˜Š",netral
Purbaya Yudhi Sadewa,Purbaya di bantu rakyat,positif
Purbaya Yudhi Sadewa,"PK PURBAYA ITU BIJAK DAN TEGAS 
TAPI ASYIIIKKK ğŸ˜‚ğŸ˜‚ğŸ˜‚â¤â¤â¤â¤",positif
Purbaya Yudhi Sadewa,"Yg Bersebrangan dgn BPK Purbaya simpel saja berarti Bersebrangan dgn Rakyat dgn kebenaran , bestinya Luhut dan Jokowi",positif
Purbaya Yudhi Sadewa,Kenapa ya selalu dari partai PDIP yg selalu kontra dgn kebijakan Menkeu???,netral
Purbaya Yudhi Sadewa,"Pak Menkeu mulai diserang Penjahat dan Poli.. tikus, jangan takut....takutlah sama Allah & rakyat selalu mendukung Bapak....maju terus panjang mundur",positif
Sri Mulyani Indrawati,Dana yg di korupsi selama ini yg di sita negara perlu juga di audit sudah berapa triliun..itu juga harus di umumkan..trima kasih,netral
Sri Mulyani Indrawati,Kemana Duit 700 trliun kemarin kok defisit terus,netral
Sri Mulyani Indrawati,tangkap yg membuat video tersebut,positif
Purbaya Yudhi Sadewa,Dpr dewan pencekik rakyat,negatif
Sri Mulyani Indrawati,Yang menghabiskan uang negara siapa,netral
Sri Mulyani Indrawati,"Semoga  ibu selalu Umur Panjang  serta Indonesia Tetap Jaya Makmur,dalam memperingati HUT Ke 80 kemerdekaan Republik Indonesia Emas tetap jaya Abadi selamanya Amin.",positif
Sri Mulyani Indrawati,kl mau kebenaranya lihat video pidato itb jgn asal percaya,positif
Sri Mulyani Indrawati,rakyat kuta mudah sekali terprofokasi ya Alloh,positif
Purbaya Yudhi Sadewa,Alhamdulillah syukur ya Allah sehat selalu bpk menteri Purbaya,positif
Purbaya Yudhi Sadewa,"Karena negara ga bs dipercaya... Sekolah tinggi, ada jabatan....MASIH KALAH JAUH DG KORUPTOR YG DG SANTAINYA BERAKSI DI INDONESIA..... HUKUMANNYA RINGAN!! ğŸ˜…",netral
Sri Mulyani Indrawati,Kasih aja pak barang2 itu ke rakyat.. ksian mereka lebih butuh buat byr pajak,netral
Purbaya Yudhi Sadewa,Sehat slalu bpk purbaya â¤,positif
Purbaya Yudhi Sadewa,"Haqqul Yaqin, Purbaya Yudhi SADEWA memiliki kekuatan yang di Rahmati Alloh SWT, didukung oleh Pola fikir Rakyat Indonesia yang Sehat dan Religius serta FAKTA yang akurat sebagai senjata yang cepat dan tepat sasaran.",positif
Sri Mulyani Indrawati,Harusnya memang begitu....knp ga dr dlu... menunggu di demo kah...menunggu kacau balau kah...atau takut giliran di datangi rmhnya oleh smw kalangan masyarakat.. atau gimana... kenapa baru skr..,netral
Sri Mulyani Indrawati,"Orang Indonesia itu gagap teknologi, makanya mudah terkena HOAX, cepat reaktif tanpa mikir, otak jarang dipakai yg diutamakan emosi, makanya otak tumpul.",positif
Purbaya Yudhi Sadewa,Selama benar maju terus Bpk. Purbaya,positif
Purbaya Yudhi Sadewa,Saya rasa bukan hanya di dukung pak prabowo tapi 80% rakyat Indonesia dukung pak purbaya,positif
Sri Mulyani Indrawati,Gw dr awal dh tau itu AI..tp msh byk yg kemakan..inget indonesia bubar 2030 bisa terjadi klo rakyat gk smart dlm menanggapi situasi..pihak asing sangat diuntungkan dgn adanya perpecahan,positif
Purbaya Yudhi Sadewa,capek bener pak ya,netral
Purbaya Yudhi Sadewa,Maju pak mentri â¤,positif
Sri Mulyani Indrawati,"aji pegawai Kementerian Keuangan (Kemenkeu) bervariasi tergantung pada golongan, jabatan, dan tunjangan yang diterima. Gaji pokok PNS Kemenkeu diatur dalam Peraturan Pemerintah, dengan rentang terendah sekitar Rp1,68 juta dan tertinggi sekitar Rp6,37 juta per bulan. Selain gaji pokok, PNS Kemenkeu juga menerima tunjangan kinerja yang besarannya bervariasi, bahkan bisa mencapai puluhan juta rupiah per bulan untuk jabatan tertentu.",netral
Purbaya Yudhi Sadewa,"Harusnya subsidi harga buku tulis, pulpen, pensil dll, buat yg versi pemerintah kalo perlu biar lebih murah. udah gak relevan bikin pelaran menulis.",netral
Purbaya Yudhi Sadewa,"Krn Pak Purbaya,saya ngerti ilmu ekonomi dan finansial..kita jd tahu betapa borosnya cara memerintah si Wiwi n The Geng.Kr Pak Purbaya kita jd tahu bahwa kita sebagai rakyat terlalu lana dibo'ongin..contoh fripor itu sdh jd milik kita ehh ngak tahunya cm 0,03 persen",netral
Purbaya Yudhi Sadewa,Jadinya ketahuan pejabat yg suka makan uang rakyat.....ini masuk lingkaran Dajjalut ğŸ¤£ğŸ¤£ğŸ¤£ğŸ¤£ğŸ¤£,netral
Purbaya Yudhi Sadewa,Lanjut pak purbaya audit semua pak,positif
Sri Mulyani Indrawati,"Tabayun, itu video sudah diubah dengan AI...Artificial Intelligence..Bu Sri Mulyani, adl Menteri pertama yang terkena fitnah AI...",positif
Sri Mulyani Indrawati,Semoga para pensiunan naik gaji pensiun nya saya doakan bapak presiden dan ibu mentri Sri,positif
Purbaya Yudhi Sadewa,Perlu rakyat selidikin.. Ini.. Sejarah.. Yg tidak ingin kan Indonesia.. Hanya pki,negatif
Sri Mulyani Indrawati,Bu Sri kan Ustadzah,positif
Purbaya Yudhi Sadewa,Itu bos bos besar tidak pernah membayar pajak,negatif
Sri Mulyani Indrawati,"Sudah di seting pada masa itu,jadi yg bener yg gg otoritanya kuran ma sd uk dipaket itu gk bisa apa2",netral
Purbaya Yudhi Sadewa,Pdhal era sby dsr cuma 20% tp ekonomi bsa tumbuh 6% sdg era jokowi dsr capai 40% tp ekonomi tumbuh cuma 5% bsa jd krna kkn+mafia  marak/mwrajalela.....,netral
Purbaya Yudhi Sadewa,Menurut Luhut Purbaya mengganggunya dari kejahatanya,netral
Sri Mulyani Indrawati,Semoga pak prabowo menghapus pajak di negri ini,netral
Purbaya Yudhi Sadewa,Menko setingkat abunawas,negatif
Sri Mulyani Indrawati,"Sekarang bnyak fitnah kawan yaitu ffitnah vidio hoak ai,memecah belah umat",positif
Purbaya Yudhi Sadewa,ekonomi .simpel buka .lapagan kerja. Marakat dapat duit belanja ke warug warurung belanja ketoko .9 bahan pokok di murah kn rakyat tenang gk mikiri politik bos,netral
Purbaya Yudhi Sadewa,"Yg saya inget dari Menkeu sebelumnya cuma defisit, utang, beban negara. Menkeu sekarang banyak jelasin tentang ekonomi yg bikin saya tertarik dan ngerti pelan-pelan.",negatif
Purbaya Yudhi Sadewa,Betul  pk .  Itu .  Kami aja  terlambat bauayar pajk aja di marah2 .   Kok org kaya gk pajk .   Aneh .,negatif
Purbaya Yudhi Sadewa,Jangan sampai ada pejabat dan prngusaha tdk bayar pajak,netral
Sri Mulyani Indrawati,Saya sangat setuju dengan pernyataan ini,netral
Purbaya Yudhi Sadewa,Untung anak buahnya pinter ya pak,netral
Sri Mulyani Indrawati,Knapa  ini pejabat publik pada gorogi berpidato gaya kurang pokus,netral
Sri Mulyani Indrawati,"DPR TDK sahkan UU perampasan aset,, akhirnya rakyat sendiri yang sah kan UU nya,ğŸ˜…ğŸ˜…ğŸ˜…",netral
Sri Mulyani Indrawati,Masa itu ai terlalu detail nga ada cacat cela nya,netral
Sri Mulyani Indrawati,Tolong sertakan video yg asli jika yg ini memang hoax,netral
Purbaya Yudhi Sadewa,"Memang benar 
 Pandai sebagai teknokrat tanpa diimbangi pandai secara politik sangat rawan dijegal dari bajigong2 partai, seperti si 'bodoh' misalnya",negatif
Purbaya Yudhi Sadewa,"Cukup sudah, sombong kali kau pak, kita lihat apa yang akan kau katakan ditahun-tahun mendatang tentang ekonomi negeri. 
ğŸ™ğŸ»ğŸ™ğŸ»ğŸ™ğŸ»ğŸ™ğŸ»ğŸ™ğŸ»ğŸ™ğŸ»
Mungkin kehancuran ekonomi bisa sedikit menghancurkan kesombongan mu!!!!",negatif
Purbaya Yudhi Sadewa,"Kuncinya sederhana jujur dengan sistem kerja yang baik, insyaallah negara maju rakyat sejahtera",netral
Purbaya Yudhi Sadewa,anak anak IT kita jago jago pak..cuma mereka yg jago tidak mau diikat/jadi asn. mereka maunya cuma di sewa. kenapa ? keahlian anak bangsa kurang di hargai oleh birokrat/negara,netral
Sri Mulyani Indrawati,itu gaji pns guru dan pensiunan diumunkan tia p berapa persen,netral
Sri Mulyani Indrawati,SEMOGA MEMBAWA KEBERUNTUNGAN DAN KEBERKAHAN BAGI KAMI PARA PENSIUNANğŸ’ªğŸ’ªğŸ’ª,positif
Purbaya Yudhi Sadewa,Ada yang kalah tenar nih ğŸ«¢ğŸ«¢ğŸ«¢,netral
Purbaya Yudhi Sadewa,hadeeeeuuuuuh makin sini makin sini daya beli masyarakat menurun drastis...barang barang naik...jualnya susah minta ampun.,negatif
Sri Mulyani Indrawati,"Semoga kita lebih teliti dan jeli 
Tidak mudah terpengaruh dg potonganÂ² kalimat atau editan
Dari oknum yg tidak bertanggung jawab

Yg buat potongan/ edit video
Ini fitnah 
Perbuatan kejam

Karma itu nyata
Kalau si pembuat gak klarifikasi atas kesalahannya yg sengaja di buat 
Tunggu balasan dari sang maha pencipta",positif
Purbaya Yudhi Sadewa,Apa ya yg dilakukan Menkeu lama kalo liat ini....,netral
Purbaya Yudhi Sadewa,Ada purbaya ini jadi semangat nonton politik lagi kayak jaman ahok munculnawal2,netral
Purbaya Yudhi Sadewa,"Kala itu roky bilang hanya kasirğŸ˜….. Roky ini mungkin antek asing, nyerang trus.!! Bahaya nya dimana, khusus untuk politik itu tugas pemimpin.! Kalau Bahlil tidak mengikuti aturan presiden maka auto dilengserkan",netral
Purbaya Yudhi Sadewa,"Memang betul kata gusdur
 Prabowo orangnya baik hati",netral
Sri Mulyani Indrawati,slm2 sht ibu Mentri yg baik hati. merdeka,positif
Purbaya Yudhi Sadewa,"DPR yang bilang begitu, bisa dipastikan biaya pengeluaran saat nyaleg, dibiayai perusahaan perusahaan seperti itu.",netral
Sri Mulyani Indrawati,Tuntut yang edit dong klau beneran editan ğŸ˜…ğŸ˜…ğŸ˜…ğŸ˜…,positif
Purbaya Yudhi Sadewa,"Sebagai channel jurnalistik, Forum Keadilan TV berkomitmen penuh pada penyajian informasi yang akurat dan berimbang. Kami ingin menegaskan bahwa kami tidak berafiliasi dengan judi online atau kegiatan ilegal lainnya. Komentar yang mempromosikan hal tersebut adalah hasil dari aktivitas pihak-pihak tak bertanggungjawab dan tidak mencerminkan nilai-nilai kami.",netral
Purbaya Yudhi Sadewa,"Itu aslinya para koruptor nongol dengan sendirinya,tanpa harus di mintain pengakuanya sdh jelas secara gak langsung dia lah biang keroknya koruptor",netral
Purbaya Yudhi Sadewa,Sadarlah klu kita srmua ini hanya hsmbah yg di tugaskan Allah utk melayani sesama ciptaan Tuhan dgn cinta kasih Tuhan yg sdh diberikan kpd kita.... bpk prabowo tdk perlu takut bertindak tegas agar dan tunjukan kebenaran klu benar2 benar dan salah klu benar2 salah krn czhaya illahi dlm diri kita utk menyadarkan kita dan utk bsngkit dan sadar dari kegelapan menjadi terang tdk ada lg yg tersembunyi dan yg menyesatkan menuju kebinasaan.,netral
Sri Mulyani Indrawati,"Tangkap itu orng yg suka edit"" yg begitu itu, cari akun yg penyebaran video ini jangan biar kan.",positif
Purbaya Yudhi Sadewa,"DPR jangan omong besar saja, Undang-undang perampasan aset segera disahkan, kalau tdk maka jgn harap rakyat kecil percaya lagi pada anggota DPR, selama ini kedaulatan ekonomi hancur di era rezim sebelumnya.",negatif
Sri Mulyani Indrawati,"Yg nyulut DPR, bu Menkeu kena getahnya. Salah Bu Mul apa?",positif
Sri Mulyani Indrawati,"Klau itu berita HOAX, pembuatannya hrs diproses secara hukum, jgn ada pembiaran ini dpt merusak arus informasi.",positif
Purbaya Yudhi Sadewa,Kok ga bahas harga LPG subsidi dan harga pertalite ya min...pura2 ga tahu ğŸ¤­,netral
Purbaya Yudhi Sadewa,Menurutku pejabat sebaiknya bekerja secara kolektifitas.... Krn kabinet itu adalah satu team. Tidak pengin menjadi superior diantara tim itu,netral
Sri Mulyani Indrawati,Keliatan banget editan nya dan keliatan banget sdm disiniğŸ˜‚,positif
Sri Mulyani Indrawati,iyaa ternyata itu AI.. kasian guru dan bu SM telah di fitnah,positif
Purbaya Yudhi Sadewa,Sebenernya dia CEO yg di kirim dari masadepan ğŸ˜‚ğŸ˜…,netral
Sri Mulyani Indrawati,Per orang gratis pajak seumur hidup kkali ya ğŸ˜‚,netral
Purbaya Yudhi Sadewa,"Pecat aj min,Purbaya itu!!!! Nggak Pantes juga dia jadi KEMENKEU,panggil lagi aja Bu Sri Mulyani,,beliau cocok dan pantas menyandang jabatan itu,,, PECAT PURBAYA ğŸ˜ ",negatif
Purbaya Yudhi Sadewa,"Host channel ini sangat meniru host Bocor Alus . . . . banyak dapat ""info rahasia""   . . . .banyak ngarang sendiri ğŸ¤£",netral
Sri Mulyani Indrawati,"Yang jadi beban itu bukan gurunya tapi keluarganya, anaknya kerja nggak dapat tunjangan, istrinya dapat tunjangan, gitu",netral
Sri Mulyani Indrawati,Pengedit dan penyebar harus di tuntut pertanggungjawaban.,positif
Sri Mulyani Indrawati,"Karena direkam DPR tampak garang 
Selesai rapat dibelakang terjadi kongkalingkong",netral
Sri Mulyani Indrawati,Hrs nya pejabt 2 itu role model utk rkayat..,netral
Purbaya Yudhi Sadewa,Majukan ekonomi dgn begitu anak2 ga perlu hemat kertas buat belajar pak... artinya ortunya harus disejahterakan,netral
Purbaya Yudhi Sadewa,ya biasa lh apa bila kt menanam padi pasti kan tumbuh rumput.bila kt tanam rumput pasti padi ngga akan tumbuh.bila seseorg jujur pasti org memusuhi nya.pdhl dikoruptor yg dibasmi tp bnyak bnyak kepanasan.ada dgn org2 ini bingung juga mikir nya.,netral
Purbaya Yudhi Sadewa,Ketua MUI itu mu ngapaiiiii?ğŸ˜‚,negatif
Purbaya Yudhi Sadewa,"Kali ini saya tak sependapat dengan Pak Purbaya, yg mengatakan ""Kegagalan  kita  menciptakan lapangan kerja."" Lapangan kerja itu ada pak tapi khusus utk keluarga org dalam serta utk TKA Tiongkok.",negatif
Purbaya Yudhi Sadewa,Mentri yg dulu mudah di arahkan oleh presidennya,negatif
Purbaya Yudhi Sadewa,feeling juga nanti ini utang whoosh di tuker sama satu pulau... khawatir ada kontrak rahasia yang dilakukan oleh pemerintah sebelumnya tentang gagal bayar utang ke china dengan ditukarnya satu pulau Indonesia..,negatif
Sri Mulyani Indrawati,"Memang pidato yg asli   itu bisa bermakna, gaji/ kesejahteraan guru itu masih jadi permasalahan/utang 
(beban) bagi negara, makanya mikir dulu sebelum berucap agar ucapan tdk menyakiti org lain yg bersangkutan.",positif
Purbaya Yudhi Sadewa,Lawan bahlil aja takut,negatif
Sri Mulyani Indrawati,"Mentri keuangan paling abadi dari era PAK SBY,PAK JOKOWI Sampai PAK PRABOWO mungkin akan dijadikan sebagai Mentri keuangan seumur hidup.",positif
Sri Mulyani Indrawati,"Anggaran mobil dinas mohon di kurangi bu. Nggak perlu banyak2..
Bisa di buat yg lain..",netral
Purbaya Yudhi Sadewa,Kapan pemerintah bisa menghentikan impor sampah?,negatif
Sri Mulyani Indrawati,"Jaman Fitnah, Sabar buu",positif
Purbaya Yudhi Sadewa,dpr ini memang harus dibubarkan aja.mereka kritik enggak punya otak. kenapa dpr aja dipajaki.,negatif
Purbaya Yudhi Sadewa,Kepentingan semua partai kan untuk kemajuan Indonesia. Iya kan? ğŸ™„,negatif
Purbaya Yudhi Sadewa,PAJAK UTK TUNJANGAN DPR YA PAK DPR ????,negatif
Purbaya Yudhi Sadewa,Harusnya dpr dan dprd di hapus kan beres gak akan rugi negara gaji para pejabat bodoh ituuu,negatif
Sri Mulyani Indrawati,"Ini Masya Allah itu potongan video, beban negara kayaknya bukan statement negatif melainkan itu beban buat anggaran APBN 

Orang indonesia tolol tolol sih klo udh kemakan hoax makanya gampang di gonjang ganjing ğŸ˜‚",positif
Sri Mulyani Indrawati,semoga Prof Stela christie juga cepat mundur dan balik jadi pengajar di luar negeri sebelum kena caci maki kaum SDM rendah.,positif
Sri Mulyani Indrawati,"Mohon naikan juga Bu gaji para petani, jangan hanya gaji abdi negara saja, karena petani juga abdi negara, ahaaaaaay",netral
Sri Mulyani Indrawati,"ijin dulu sama. presiden ...bu
benar ndk begitu",netral
Sri Mulyani Indrawati,Ini pidato tahun berapa ya.... Kayaknya jamannya jokowi 2024.,netral
Sri Mulyani Indrawati,Cuma sri  m..dan amran yg baik lainnya maling..coba klu keuangan bukan sri m pasti ludessss ludes,positif
Purbaya Yudhi Sadewa,"Cuma omon2

Ente aja korupsi",negatif
Sri Mulyani Indrawati,"Gara2 AI dia jadi dipecat kan, mana org yg bikin AI. Kalo sahkan RUU Hak cipta sekalian bikin aturan warga punya hak cipta atas fisik dan suara, soalnya udh diterapkan di beberapa negara, biar gk ada kejadian kek gini lagi.",positif
Sri Mulyani Indrawati,"Mangkanya sudah jelas2 negara ini masih Krisis ekonomi 
Eeehh seenaknya DPR menaikkan tunjangan sefantastis ituuuu",netral
Purbaya Yudhi Sadewa,Ekonomi hancur lebur,negatif
Purbaya Yudhi Sadewa,Pak purbaya kalau ngomong angin Kanan doang,negatif
Sri Mulyani Indrawati,Kelihatan vidio nya diedit,positif
Purbaya Yudhi Sadewa,"audionya jelek banget, output suara beda beda, ada noice orang ngobrol di belakang",negatif
Purbaya Yudhi Sadewa,"Pajak utk rakyat turunin dong oleh Prabowo, cukai hrs diturunkan juga.

Aset negara diperbesar dari hasil tambang dan sumber daya alam ,jgn menguntungkan oligarki dan oengusaha2 besar aja",negatif
Purbaya Yudhi Sadewa,"DPR  SDH TIDAK WARAS , DPR  PERUSAK  NKRI,  PENGHIANAT RAKYAT,  DPR HARUS DI BUBARKAN.",negatif
Purbaya Yudhi Sadewa,Kdm luhut srimulyani jkwi musuh republik,negatif
Sri Mulyani Indrawati,tetep sabar mengemban tugas ibu.kuat.gk usah mendengar kata kata yg tdk perlu.sehat slalu utk ibu sri mulyani.amin,positif
Purbaya Yudhi Sadewa,Lo mah bisanya bacot tp gk bisa bantu apa apa dingeri ini,negatif
Purbaya Yudhi Sadewa,"Kereta cepat whoosh jokowi ini semuanya dari china bahkan onderdilnya kereta cepat ini kalau sudah rusak nanti di impor juga dari china biar ada  cuan juga yang akan masuk buat china. Kitanya yang bayar hutang buat mereka dan onderdilnya pun di impor juga dari china. bukannya di buat onderdilnya di indonesia tapi di impor juga dari china.  jadi, cina untung dua kali lipat . Luar biasa bisnis kotor china ini. Kitanya sampai hari kiamat tetap jadi konsumen dan budak pekerja bayar hutang beri uang ke tuannya china. Dan china tetap duduk di kursi goyang untuk memantau dan menunggu dari budak indonesia mengantar uang beri tuan china. Lalu kita senang hati juga rasanya  berucap ""koh koh.., paman, paman..ğŸ˜…ğŸ˜…ğŸ˜‚. Kita ini tidak dianggap paman tapi justru mereka yang pamanğŸ˜…..tetap mereka jadi paman/koh kita tetap jadi anak anak tak punya otak dianggap tidak tahu apa apağŸ¤£.  Jujur dari saya tidak suka dan tidak enak dalam diri saya bilang ke keturnan china atau orang china bilang koh atau paman kepada mereka karena saya ini seolah-olah anak kecil yang belum dewasa di hadapan mereka. dan seolah-olah mereka dewasa tahu segalanya dan kita anak kecil yang masih dungu bila ketemu orang china.",negatif
Sri Mulyani Indrawati,Aplikasi Ai ituu sangat meresahkan ...kita TDK bisa membedakan mana yg benarr dn salahhh,netral
Sri Mulyani Indrawati,"Innalillah ternyata ai, parah banget. Saya saja sempat kegocek, parah banget. Yang bikin beginian kena azab aja sana",positif
Purbaya Yudhi Sadewa,Pak Purbaya orang yg punya visi dan integritas tapi cuma di buat umpan oleh prabowo,negatif
Sri Mulyani Indrawati,"Meskipun ini AI, setidaknya beliau telah menghilang saat skandal era SBY, dan dpt kerjaan dari world bank, kemudian balik ke indonesia lagi dan kasus lenyap begitu saja.",positif
Purbaya Yudhi Sadewa,Lah kalau hutang buat kepentingan begini saya se 7 demi kemakmuran  warganya. Jangan woosh golongan menengah -atas aja yang bisa menikati padahal perjalan darat jakarta bandung masik bisa ğŸ˜‚ğŸ˜…,negatif
Sri Mulyani Indrawati,Kalau memang hoaks pasti pembuatnya gampang di tangkap,positif
Sri Mulyani Indrawati,Ai kadang sangat membahayakan,netral
Purbaya Yudhi Sadewa,Cara nanya dan kosa kata berikut juga narasi ada ikut tatanan seperti seorang yang lulusan sekolah .. gak usah omong kalau cuma omong macam ini ..?????,negatif
Sri Mulyani Indrawati,"Wah parah yg edit,,, ğŸ˜‚ğŸ˜‚ğŸ˜‚ğŸ˜‚",netral
Sri Mulyani Indrawati,Ibu menteri terbaik....sehat sllu ibu menteri...,positif
Sri Mulyani Indrawati,"Bu Sri Mulyani, Anda dikenal sebagai sosok profesional yang cemerlang. Namun ketika profesionalisme harus tunduk pada kepentingan politik, maka arah dan tujuan berbangsa bisa kabur tanpa arah.*  
Dalam situasi seperti ini, terkadang langkah paling terhormat bukan terus bertahan, melainkan mundur dengan menjaga harga diri dan integritas, demi bangsa yang lebih jujur dan bermartabat.",positif
Sri Mulyani Indrawati,Pakar ekonomi merangkap pakar telematika. Buktikan kalau kalau itu ai,positif
Sri Mulyani Indrawati,"Hati2 dalam dunia digital, sangat banyak terjadi dan sangat memungkinkan playing
victim untuk mendongkrak popularitas yg sedang down atau bisa juga supaya bisa masuk dalam radar headline media sosial dan media online.",positif
Purbaya Yudhi Sadewa,"Hentikan ketololan negra ini dengan menyetujui banyak partai... Chuih... Itu hanya jalan mereka untuk nyari kuasa tapi ga berdaya. Kembalilan partai kalo perlu cukup dua. Biar para bangsat nyari proyek ga bisa muncul. Bayangkan, satu partai bisa melahirkan 5 org tolol tidak kompeten dalam satu wilayah. Kalikan satu Indonesia.",negatif
Purbaya Yudhi Sadewa,"ITU PARA ELIT TIKUS TIKUS GOT YG , BUTA MATA HATINYA",negatif
Purbaya Yudhi Sadewa,DPR. Sih gak bayar Pajak,negatif
Sri Mulyani Indrawati,"Ada aja yang ngeyel percaya, Emang GOBLOKKK",positif
Sri Mulyani Indrawati,"Para guru do'a nya diijabah oleh alloh, SEMOGA KEDHOLIMAN CEPAT SIRNA , DAN RAKYAT SEJAHTERA",positif
Sri Mulyani Indrawati,"Mantap bu men
Mntri keuangan the best",positif
Sri Mulyani Indrawati,"Sekarang mah pejabat yg korup bisa saja hartanya dijarah oleh rakyat, karena tdk diberlakukannya UU perampasan aset,",netral
Sri Mulyani Indrawati,kenapa harus di jaga sih,netral
Sri Mulyani Indrawati,"Mohon diadakan re shuffle kabinet
Mohon diganti Mentri2 yg bukan bidangnya",netral
Sri Mulyani Indrawati,"Sri Mulyani cuma bagus sebatas concept, tapi realita di lapangan, seperti deviasi anggaran tidak tepat sasaran dan pada akhirnya berujung pada uncertainty buat pelaku usaha, kebocoran anggaran, tax yang seakan2x seperti pisau bermata dua. Ibarat melukis, diawal konsep terlihat sangat brilliant tapi akan terlihat manakala pensil sudah menggores canvas.",netral
Sri Mulyani Indrawati,"Pasti Hoaks menurutku Mentri TDK mungkin omong sembarang,.... Mungkin ada orang yg memplintir ucapan Bu Mentri",positif
Sri Mulyani Indrawati,Bu Sri = The only minister that have intelligence and competence,positif
Sri Mulyani Indrawati,"assalamualaikum, ibu menteri sri mulyani sampaikan pesan saya ke presiden prabowo data pribadi setiap warga indonesia jangan di beri ke amerika bahaya, trimakasih ibu sri mulyani",positif
Sri Mulyani Indrawati,"Min, kpn presiden umumkan kenaikan gaji Asn. Tni, danpolri serta pensiunan d thn 2025?",netral
Sri Mulyani Indrawati,Agustus 2024 ..yg katanya pensiunan naik 12%..nyatanya sampai juli 2025 belum cair...sabaarr,netral
Sri Mulyani Indrawati,"Sri mulyani adalah ekonom terhebat yg kita miliki.
Cuma saja beliau berada disaat yg tidak tepat dan ditangan pemimpin yg tidak tepat dan dinegara yang korup.
Saya tetap mengagumi beliau sebagai ekonom terhebat.
Kita pernah berada dimasa yg sulit bersama beliau Sri mulyani adalah ekonom terhebat yg kita miliki.
Cuma saja beliau berada disaat yg tidak tepat dan ditangan pemimpin yg tidak tepat.
Saya tetap mengagumi beliau sebagai ekonom terhebat.
Kita pernah berada dimasa yg sulit bersama beliau saat covid dan dia membawa ekonomi kita tidak terpuruk.
Janga pernah melupakan jasa dan kerja keras beliau.
Semoga tetap sehat bu.
Mari berpikir yg cerdas covid dan dia membawa ekonomi kita tidak terpuruk.
Janga pernah melupakan jasa dan kerja keras beliau.
Semoga tetap sehat bu.
Mari berpikir yg cerdas",positif
Sri Mulyani Indrawati,Rakyat NKRI Iki wes diplokotho MULO puluhan tahun oleh kebijakan viskal kapitalis Riba dan hutang luar negeri YG KURS  MATA UANG RUPIAHNYA NJOMPLANG ANTARA RUPIAH DAN DOLAR SAKING GOBLOGE DADI MENUNGSO.   sehingga KL terjadi buntung riba kompensasine KIRIM TKI TKW KE LUAR NEGERI YG IDENTIK DGN MENJUAL TENAGA RAKYAT NKRI YG NOTABENE RAKYAT MISKIN UNTUK DI DULANG DEVISANE SBG PENGHASIL DEVISA TERBESAR KE 2 NKRI. TANPA JAMINAN KESELAMATAN YG SEMPURNA. BUKTI? TRAFICKING ORGAN TUBUH SEHINGGA HANKAM NKRI JUGA YG JD TARUHAN NYAWANYA. LAGI LAGI RAKYAT BAWAH LG YG JD KORBAN. . BUKANKAH YG JD TNI AD AU AL KEPOLISIAN BIASANYA RAKYAT YG DAH SENGSARA SECARA EKONIMJ JG MUSKIN ASALNYA DR SELURUH WILAYAH NKRI? JD KORBAN AMORAL POLITIK SELAIN JG JD KORBAN PKI NASAKOM? DAN KORBAN HUTANG LUAR NEGERI DR SISTEM PEMERINTAHAN BOBROK PULUHAN TAHUN DI SELURUH NKRI YG PENUH PENGKIANATAN?,netral
Sri Mulyani Indrawati,mungkin yang dimaksud guru merupakan tanggungan negara. tapi keliru ngomongnya. harusnya dia merevisi perkataannya,netral
Sri Mulyani Indrawati,Orang yg percaya berita ini tanpa diperivikasi langsung menghujat boleh dikatakan orang tersebut stres alias ODGJ.,netral
Sri Mulyani Indrawati,Nantinya akan diusut juga .penjaraan itu .semoga rakyat ini damai .TNI tegakan terus keadilan dan kebenaran bagi seluruh rakyat Indonesia .,netral
Sri Mulyani Indrawati,Kayak ngak tau FB proo,netral
Sri Mulyani Indrawati,"Dalam ilmu keuangan juga akunting, sewaktu menyusun laporan keuangan maupun neraca, biaya biaya atau pengeluran biasa disebut BEBAN.",netral
Sri Mulyani Indrawati,Jaga duit negara ka,netral
Sri Mulyani Indrawati,"Kami guru berharap siswa mnjdi org cerdas dn mnjdi Aset negara, kalian hrs bersabar hai siswaku ....mrk mnganggp kami beban negara..biarlh gaji kecil tuk mndidikmu, yg penting kalian mndapat ilmu tuk dirimu dnasa depanmu, jgn biarkn dirimu terluka akibat mmbela kami, jauh terpnting kalian bs mnjdi pengganti mnjdi pengelola negara ini kelak , kamu LBH penting dari kami guru yg dh tua ini...merdeka...",netral
Sri Mulyani Indrawati,"Asalamu'alaikum, Pak Presiden dan Sri Mulyani saya mohon maaf dari lahir sampai bhatin mungkin ada salah besar maupun kecil mohon dihapuskan, Aamiin",positif
Sri Mulyani Indrawati,Yg penting transparan jujur dan tetap pridencd ngelola anggaran,positif
Sri Mulyani Indrawati,"mantap....kita sedang menikmati kemajuan teknologi, dan ini perlu di kembangkan lagi ya",positif
Sri Mulyani Indrawati,"ğŸ™ğŸ™ğŸ™ğŸ™ BUKTIKAN KALAU MEMANG  VIDEO TERSEBUT TELAH DI EDIT/FAKE. TUNJUKAN  KEPADA KAMI APA PEMBICARAAN/VIDEO ASLINYA SAAT BILANG BEBAN  NEGARA. Logika nya kalau di edit  menjadi kata beban,, lantas kalimat sebenarnya apa donk?? Kenapa gak di publikasikan? Yang di ucap hanya alesan alesan saja. Hoaks lah, teknologi AI lah, perhatikan dengan seksama lah. KAMI TIDAK PERLU PENYANGKALAN YANG MENCLA MENCLE/BASA BASI. KAMI PERLU BUKTI. Jikalau kalian semua menyangkal, tolong sertakan video aslinya. Mulai dari gerakan mulut, suara, gerak gerik dan kalau perlu beberapa saksi disana yang mendengarkan langsung saat pidato ibu tersebut. JANGAN MENYANGKAL ATAU HALUS NYA KLARIFIKASI TAPI TANPA STATEMENT BUKTI VIDEO ASLINYA. 

JANGAN KEBANYAKAN BLA BLA BLA KALIAN SEMUA. MUNAFIK. UDAH SALAH BUKAN NYA MINTA MAAF MALAH MEMBELA DIRI. 

BUKTIKAN KALAU KALIAN MEMANG TIDAK DEMIKIAN/TIDAK BERSALAH !!! KAMI MASYARAKAT & GURU2 PERLU BUKTI. BUKAN BLA BLA BLA. 

Kalau merasa bicara demikian,,, sadar diri Bu/sadar diri kalian sendiri saja. jika kalian orang yang beragama. minta maaf. Udah salah gak mau minta maaf. malah ngelesğŸ™ğŸ™ğŸ™ğŸ™",netral
Sri Mulyani Indrawati,Brarti bu Sri Mulyani di fitnah. Yg berdampak rumah nya di jarahğŸ˜¢ğŸ˜¢ğŸ˜¢,positif
